company_name,region_name,map_country,coverage_status,note,unknown_type
Catapult,Europe (major leagues),England,full,,
Catapult,Europe (major leagues),Spain,full,,
Catapult,Europe (major leagues),Germany,full,,
Catapult,Europe (major leagues),France,full,,
Catapult,Europe (major leagues),Italy,full,,
Catapult,Europe (major leagues),Netherlands,full,,
Catapult,Europe (major leagues),Portugal,full,,
Catapult,Europe (major leagues),Belgium,full,,
Catapult,Europe (major leagues),Turkey,full,,
Catapult,Europe (major leagues),Poland,full,,
Catapult,Europe (major leagues),Scotland,full,,
Catapult,Europe (major leagues),Austria,full,,
Catapult,Europe (major leagues),Switzerland,full,,
Catapult,Europe (major leagues),Denmark,full,,
Catapult,Europe (major leagues),Sweden,full,,
Catapult,Europe (major leagues),Norway,full,,
Catapult,Europe (major leagues),Greece,full,,
Catapult,Europe (major leagues),Ukraine,full,,
Catapult,Europe (major leagues),Russia,full,,
Catapult,Europe (major leagues),Czech Republic,full,,
Catapult,Europe (major leagues),Croatia,full,,
Catapult,Europe (major leagues),Serbia,full,,
Catapult,Europe (major leagues),Romania,full,,
Catapult,Europe (major leagues),Hungary,full,,
Catapult,Europe (major leagues),Ireland,full,,
Catapult,Europe (major leagues),Wales,full,,
Catapult,Europe (major leagues),Finland,full,,
Catapult,Europe (major leagues),Iceland,full,,
Catapult,Europe (major leagues),Slovakia,full,,
Catapult,Europe (major leagues),Slovenia,full,,
Catapult,Europe (major leagues),Bulgaria,full,,
Catapult,Europe (major leagues),Bosnia and Herzegovina,full,,
Catapult,Europe (major leagues),Cyprus,full,,
Catapult,Europe (major leagues),Israel,full,,
Catapult,Europe (major leagues),Georgia,full,,
Catapult,Europe (major leagues),Azerbaijan,full,,
Catapult,Europe (major leagues),Kazakhstan,full,,
Catapult,Europe (major leagues),Albania,full,,
Catapult,Europe (major leagues),Montenegro,full,,
Catapult,North America,United States,full,,
Catapult,North America,Canada,full,,
Catapult,North America,Mexico,full,,
Catapult,Asia-Pacific,Japan,partial,,
Catapult,Asia-Pacific,South Korea,partial,,
Catapult,Asia-Pacific,China,partial,,
Catapult,Asia-Pacific,Australia,partial,,
Catapult,Asia-Pacific,India,partial,,
Catapult,Asia-Pacific,Thailand,partial,,
Catapult,Asia-Pacific,Vietnam,partial,,
Catapult,Asia-Pacific,Indonesia,partial,,
Catapult,Asia-Pacific,Malaysia,partial,,
Catapult,Asia-Pacific,Philippines,partial,,
Catapult,Asia-Pacific,Singapore,partial,,
Catapult,Asia-Pacific,Saudi Arabia,partial,,
Catapult,Asia-Pacific,Qatar,partial,,
Catapult,Asia-Pacific,United Arab Emirates,partial,,
Catapult,Asia-Pacific,Iran,partial,,
Catapult,Asia-Pacific,Iraq,partial,,
Catapult,Asia-Pacific,New Zealand,partial,,
Catapult,CAF / Continental Africa,South Africa,unknown,,
Catapult,CAF / Continental Africa,Nigeria,unknown,,
Catapult,CAF / Continental Africa,Ghana,unknown,,
Catapult,CAF / Continental Africa,Ivory Coast,unknown,,
Catapult,CAF / Continental Africa,Senegal,unknown,,
Catapult,CAF / Continental Africa,Cameroon,unknown,,
Catapult,CAF / Continental Africa,Kenya,unknown,,
Catapult,CAF / Continental Africa,Tanzania,unknown,,
Catapult,CAF / Continental Africa,Zambia,unknown,,
Catapult,CAF / Continental Africa,Mali,unknown,,
Catapult,CAF / Continental Africa,Ethiopia,unknown,,
Catapult,CAF / Continental Africa,Uganda,unknown,,
Catapult,CAF / Continental Africa,Zimbabwe,unknown,,
Catapult,CAF / Continental Africa,Angola,unknown,,
Catapult,CAF / Continental Africa,Mozambique,unknown,,
Catapult,CAF / Continental Africa,DR Congo,unknown,,
Catapult,CAF / Continental Africa,Rwanda,unknown,,
Catapult,CAF / Continental Africa,Burkina Faso,unknown,,
Catapult,CAF / Continental Africa,Guinea,unknown,,
Catapult,CAF / Continental Africa,Benin,unknown,,
Catapult,CAF / Continental Africa,Togo,unknown,,
Catapult,CAF / Continental Africa,Sierra Leone,unknown,,
Catapult,CAF / Continental Africa,Liberia,unknown,,
Catapult,CAF / Continental Africa,Gabon,unknown,,
Catapult,CAF / Continental Africa,Congo,unknown,,
Catapult,CAF / Continental Africa,Namibia,unknown,,
Catapult,CAF / Continental Africa,Botswana,unknown,,
Catapult,CAF / Continental Africa,Malawi,unknown,,
Catapult,CAF / Continental Africa,Madagascar,unknown,,
Catapult,CAF / Continental Africa,Sudan,unknown,,
Catapult,CAF / Continental Africa,Libya,unknown,,
Catapult,CAF / Continental Africa,Mauritania,unknown,,
Catapult,CAF / Continental Africa,Niger,unknown,,
Catapult,CAF / Continental Africa,Chad,unknown,,
Catapult,CAF / Continental Africa,Central African Republic,unknown,,
Catapult,CAF / Continental Africa,Eritrea,unknown,,
Catapult,CAF / Continental Africa,Djibouti,unknown,,
Catapult,CAF / Continental Africa,Somalia,unknown,,
Catapult,CAF / Continental Africa,Burundi,unknown,,
Catapult,CAF / Continental Africa,Eswatini,unknown,,
Catapult,CAF / Continental Africa,Lesotho,unknown,,
Catapult,CAF / Continental Africa,Gambia,unknown,,
Catapult,CAF / Continental Africa,Guinea-Bissau,unknown,,
Catapult,CAF / Continental Africa,Cape Verde,unknown,,
Catapult,CAF / Continental Africa,Equatorial Guinea,unknown,,
Catapult,CAF / Continental Africa,Comoros,unknown,,
Catapult,"North Africa (Morocco, Algeria, Tunisia, Egypt)",Morocco,none,,
Catapult,"North Africa (Morocco, Algeria, Tunisia, Egypt)",Algeria,none,,
Catapult,"North Africa (Morocco, Algeria, Tunisia, Egypt)",Tunisia,none,,
Catapult,"North Africa (Morocco, Algeria, Tunisia, Egypt)",Egypt,none,,
Catapult,South America,Brazil,full,,
Catapult,South America,Argentina,full,,
Catapult,South America,Uruguay,full,,
Catapult,South America,Chile,full,,
Catapult,South America,Colombia,full,,
Catapult,South America,Peru,full,,
Catapult,South America,Ecuador,full,,
Catapult,South America,Paraguay,full,,
Catapult,South America,Bolivia,full,,
Catapult,South America,Venezuela,full,,
Genius Sports,Europe (major leagues),England,full,"Also confirmed Genius Sports/Football DataCo long-term partnership (see region-level partnership record, extended through 2029)",
Genius Sports,Europe (major leagues),Spain,full,,
Genius Sports,Europe (major leagues),Germany,full,,
Genius Sports,Europe (major leagues),France,full,,
Genius Sports,Europe (major leagues),Italy,full,,
Genius Sports,Europe (major leagues),Netherlands,full,,
Genius Sports,Europe (major leagues),Portugal,full,,
Genius Sports,Europe (major leagues),Belgium,full,,
Genius Sports,Europe (major leagues),Turkey,full,,
Genius Sports,Europe (major leagues),Poland,full,,
Genius Sports,Europe (major leagues),Scotland,full,,
Genius Sports,Europe (major leagues),Austria,full,,
Genius Sports,Europe (major leagues),Switzerland,full,,
Genius Sports,Europe (major leagues),Denmark,full,,
Genius Sports,Europe (major leagues),Sweden,full,,
Genius Sports,Europe (major leagues),Norway,full,,
Genius Sports,Europe (major leagues),Greece,full,,
Genius Sports,Europe (major leagues),Ukraine,full,,
Genius Sports,Europe (major leagues),Russia,full,,
Genius Sports,Europe (major leagues),Czech Republic,full,,
Genius Sports,Europe (major leagues),Croatia,full,,
Genius Sports,Europe (major leagues),Serbia,full,,
Genius Sports,Europe (major leagues),Romania,full,,
Genius Sports,Europe (major leagues),Hungary,full,,
Genius Sports,Europe (major leagues),Ireland,full,,
Genius Sports,Europe (major leagues),Wales,full,,
Genius Sports,Europe (major leagues),Finland,full,,
Genius Sports,Europe (major leagues),Iceland,full,,
Genius Sports,Europe (major leagues),Slovakia,full,,
Genius Sports,Europe (major leagues),Slovenia,full,,
Genius Sports,Europe (major leagues),Bulgaria,full,,
Genius Sports,Europe (major leagues),Bosnia and Herzegovina,full,,
Genius Sports,Europe (major leagues),Cyprus,full,,
Genius Sports,Europe (major leagues),Israel,full,,
Genius Sports,Europe (major leagues),Georgia,full,,
Genius Sports,Europe (major leagues),Azerbaijan,full,,
Genius Sports,Europe (major leagues),Kazakhstan,full,,
Genius Sports,Europe (major leagues),Albania,full,,
Genius Sports,Europe (major leagues),Montenegro,full,,
Genius Sports,North America,United States,partial,,
Genius Sports,North America,Canada,partial,,
Genius Sports,North America,Mexico,partial,,
Genius Sports,Asia-Pacific,Japan,unknown,,
Genius Sports,Asia-Pacific,South Korea,unknown,,
Genius Sports,Asia-Pacific,China,unknown,,
Genius Sports,Asia-Pacific,Australia,unknown,,
Genius Sports,Asia-Pacific,India,unknown,,
Genius Sports,Asia-Pacific,Thailand,unknown,,
Genius Sports,Asia-Pacific,Vietnam,unknown,,
Genius Sports,Asia-Pacific,Indonesia,unknown,,
Genius Sports,Asia-Pacific,Malaysia,unknown,,
Genius Sports,Asia-Pacific,Philippines,unknown,,
Genius Sports,Asia-Pacific,Singapore,unknown,,
Genius Sports,Asia-Pacific,Saudi Arabia,unknown,,
Genius Sports,Asia-Pacific,Qatar,unknown,,
Genius Sports,Asia-Pacific,United Arab Emirates,unknown,,
Genius Sports,Asia-Pacific,Iran,unknown,,
Genius Sports,Asia-Pacific,Iraq,unknown,,
Genius Sports,Asia-Pacific,New Zealand,unknown,,
Genius Sports,CAF / Continental Africa,South Africa,unknown,,
Genius Sports,CAF / Continental Africa,Nigeria,unknown,,
Genius Sports,CAF / Continental Africa,Ghana,unknown,,
Genius Sports,CAF / Continental Africa,Ivory Coast,unknown,,
Genius Sports,CAF / Continental Africa,Senegal,unknown,,
Genius Sports,CAF / Continental Africa,Cameroon,unknown,,
Genius Sports,CAF / Continental Africa,Kenya,unknown,,
Genius Sports,CAF / Continental Africa,Tanzania,unknown,,
Genius Sports,CAF / Continental Africa,Zambia,unknown,,
Genius Sports,CAF / Continental Africa,Mali,unknown,,
Genius Sports,CAF / Continental Africa,Ethiopia,unknown,,
Genius Sports,CAF / Continental Africa,Uganda,unknown,,
Genius Sports,CAF / Continental Africa,Zimbabwe,unknown,,
Genius Sports,CAF / Continental Africa,Angola,unknown,,
Genius Sports,CAF / Continental Africa,Mozambique,unknown,,
Genius Sports,CAF / Continental Africa,DR Congo,unknown,,
Genius Sports,CAF / Continental Africa,Rwanda,unknown,,
Genius Sports,CAF / Continental Africa,Burkina Faso,unknown,,
Genius Sports,CAF / Continental Africa,Guinea,unknown,,
Genius Sports,CAF / Continental Africa,Benin,unknown,,
Genius Sports,CAF / Continental Africa,Togo,unknown,,
Genius Sports,CAF / Continental Africa,Sierra Leone,unknown,,
Genius Sports,CAF / Continental Africa,Liberia,unknown,,
Genius Sports,CAF / Continental Africa,Gabon,unknown,,
Genius Sports,CAF / Continental Africa,Congo,unknown,,
Genius Sports,CAF / Continental Africa,Namibia,unknown,,
Genius Sports,CAF / Continental Africa,Botswana,unknown,,
Genius Sports,CAF / Continental Africa,Malawi,unknown,,
Genius Sports,CAF / Continental Africa,Madagascar,unknown,,
Genius Sports,CAF / Continental Africa,Sudan,unknown,,
Genius Sports,CAF / Continental Africa,Libya,unknown,,
Genius Sports,CAF / Continental Africa,Mauritania,unknown,,
Genius Sports,CAF / Continental Africa,Niger,unknown,,
Genius Sports,CAF / Continental Africa,Chad,unknown,,
Genius Sports,CAF / Continental Africa,Central African Republic,unknown,,
Genius Sports,CAF / Continental Africa,Eritrea,unknown,,
Genius Sports,CAF / Continental Africa,Djibouti,unknown,,
Genius Sports,CAF / Continental Africa,Somalia,unknown,,
Genius Sports,CAF / Continental Africa,Burundi,unknown,,
Genius Sports,CAF / Continental Africa,Eswatini,unknown,,
Genius Sports,CAF / Continental Africa,Lesotho,unknown,,
Genius Sports,CAF / Continental Africa,Gambia,unknown,,
Genius Sports,CAF / Continental Africa,Guinea-Bissau,unknown,,
Genius Sports,CAF / Continental Africa,Cape Verde,unknown,,
Genius Sports,CAF / Continental Africa,Equatorial Guinea,unknown,,
Genius Sports,CAF / Continental Africa,Comoros,unknown,,
Genius Sports,"North Africa (Morocco, Algeria, Tunisia, Egypt)",Morocco,none,,
Genius Sports,"North Africa (Morocco, Algeria, Tunisia, Egypt)",Algeria,none,,
Genius Sports,"North Africa (Morocco, Algeria, Tunisia, Egypt)",Tunisia,none,,
Genius Sports,"North Africa (Morocco, Algeria, Tunisia, Egypt)",Egypt,none,,
Genius Sports,South America,Brazil,full,,
Genius Sports,South America,Argentina,full,"Confirmed Genius Sports exclusive long-term official data, streaming and integrity partnership with the Argentine Football Association (AFA)",
Genius Sports,South America,Uruguay,full,,
Genius Sports,South America,Chile,full,,
Genius Sports,South America,Colombia,full,,
Genius Sports,South America,Peru,full,,
Genius Sports,South America,Ecuador,full,,
Genius Sports,South America,Paraguay,full,,
Genius Sports,South America,Bolivia,full,,
Genius Sports,South America,Venezuela,full,,
Hudl,Europe (major leagues),England,full,,
Hudl,Europe (major leagues),Spain,full,,
Hudl,Europe (major leagues),Germany,full,,
Hudl,Europe (major leagues),France,full,,
Hudl,Europe (major leagues),Italy,full,,
Hudl,Europe (major leagues),Netherlands,full,,
Hudl,Europe (major leagues),Portugal,full,,
Hudl,Europe (major leagues),Belgium,full,,
Hudl,Europe (major leagues),Turkey,full,,
Hudl,Europe (major leagues),Poland,full,,
Hudl,Europe (major leagues),Scotland,full,,
Hudl,Europe (major leagues),Austria,full,,
Hudl,Europe (major leagues),Switzerland,full,,
Hudl,Europe (major leagues),Denmark,full,,
Hudl,Europe (major leagues),Sweden,full,,
Hudl,Europe (major leagues),Norway,full,,
Hudl,Europe (major leagues),Greece,full,,
Hudl,Europe (major leagues),Ukraine,full,,
Hudl,Europe (major leagues),Russia,full,,
Hudl,Europe (major leagues),Czech Republic,full,,
Hudl,Europe (major leagues),Croatia,full,,
Hudl,Europe (major leagues),Serbia,full,,
Hudl,Europe (major leagues),Romania,full,,
Hudl,Europe (major leagues),Hungary,full,,
Hudl,Europe (major leagues),Ireland,full,,
Hudl,Europe (major leagues),Wales,full,,
Hudl,Europe (major leagues),Finland,full,,
Hudl,Europe (major leagues),Iceland,full,,
Hudl,Europe (major leagues),Slovakia,full,,
Hudl,Europe (major leagues),Slovenia,full,,
Hudl,Europe (major leagues),Bulgaria,full,,
Hudl,Europe (major leagues),Bosnia and Herzegovina,full,,
Hudl,Europe (major leagues),Cyprus,full,,
Hudl,Europe (major leagues),Israel,full,,
Hudl,Europe (major leagues),Georgia,full,,
Hudl,Europe (major leagues),Azerbaijan,full,,
Hudl,Europe (major leagues),Kazakhstan,full,,
Hudl,Europe (major leagues),Albania,full,,
Hudl,Europe (major leagues),Montenegro,full,,
Hudl,North America,United States,partial,,
Hudl,North America,Canada,partial,,
Hudl,North America,Mexico,partial,,
Hudl,Asia-Pacific,Japan,unknown,,
Hudl,Asia-Pacific,South Korea,unknown,,
Hudl,Asia-Pacific,China,unknown,,
Hudl,Asia-Pacific,Australia,unknown,,
Hudl,Asia-Pacific,India,unknown,,
Hudl,Asia-Pacific,Thailand,unknown,,
Hudl,Asia-Pacific,Vietnam,unknown,,
Hudl,Asia-Pacific,Indonesia,unknown,,
Hudl,Asia-Pacific,Malaysia,unknown,,
Hudl,Asia-Pacific,Philippines,unknown,,
Hudl,Asia-Pacific,Singapore,unknown,,
Hudl,Asia-Pacific,Saudi Arabia,unknown,,
Hudl,Asia-Pacific,Qatar,unknown,,
Hudl,Asia-Pacific,United Arab Emirates,unknown,,
Hudl,Asia-Pacific,Iran,unknown,,
Hudl,Asia-Pacific,Iraq,unknown,,
Hudl,Asia-Pacific,New Zealand,unknown,,
Hudl,CAF / Continental Africa,South Africa,full,"Confirmed exclusive Hudl/Wyscout deal with South Africa's PSL covering DStv Premiership, Motsepe Foundation Championship, DStv Diski Challenge (2024-25, 2025-26 seasons)",
Hudl,CAF / Continental Africa,Nigeria,unknown,,
Hudl,CAF / Continental Africa,Ghana,unknown,,
Hudl,CAF / Continental Africa,Ivory Coast,unknown,,
Hudl,CAF / Continental Africa,Senegal,unknown,,
Hudl,CAF / Continental Africa,Cameroon,unknown,,
Hudl,CAF / Continental Africa,Kenya,unknown,,
Hudl,CAF / Continental Africa,Tanzania,unknown,,
Hudl,CAF / Continental Africa,Zambia,unknown,,
Hudl,CAF / Continental Africa,Mali,unknown,,
Hudl,CAF / Continental Africa,Ethiopia,unknown,,
Hudl,CAF / Continental Africa,Uganda,unknown,,
Hudl,CAF / Continental Africa,Zimbabwe,unknown,,
Hudl,CAF / Continental Africa,Angola,unknown,,
Hudl,CAF / Continental Africa,Mozambique,unknown,,
Hudl,CAF / Continental Africa,DR Congo,unknown,,
Hudl,CAF / Continental Africa,Rwanda,unknown,,
Hudl,CAF / Continental Africa,Burkina Faso,unknown,,
Hudl,CAF / Continental Africa,Guinea,unknown,,
Hudl,CAF / Continental Africa,Benin,unknown,,
Hudl,CAF / Continental Africa,Togo,unknown,,
Hudl,CAF / Continental Africa,Sierra Leone,unknown,,
Hudl,CAF / Continental Africa,Liberia,unknown,,
Hudl,CAF / Continental Africa,Gabon,unknown,,
Hudl,CAF / Continental Africa,Congo,unknown,,
Hudl,CAF / Continental Africa,Namibia,unknown,,
Hudl,CAF / Continental Africa,Botswana,unknown,,
Hudl,CAF / Continental Africa,Malawi,unknown,,
Hudl,CAF / Continental Africa,Madagascar,unknown,,
Hudl,CAF / Continental Africa,Sudan,unknown,,
Hudl,CAF / Continental Africa,Libya,unknown,,
Hudl,CAF / Continental Africa,Mauritania,unknown,,
Hudl,CAF / Continental Africa,Niger,unknown,,
Hudl,CAF / Continental Africa,Chad,unknown,,
Hudl,CAF / Continental Africa,Central African Republic,unknown,,
Hudl,CAF / Continental Africa,Eritrea,unknown,,
Hudl,CAF / Continental Africa,Djibouti,unknown,,
Hudl,CAF / Continental Africa,Somalia,unknown,,
Hudl,CAF / Continental Africa,Burundi,unknown,,
Hudl,CAF / Continental Africa,Eswatini,unknown,,
Hudl,CAF / Continental Africa,Lesotho,unknown,,
Hudl,CAF / Continental Africa,Gambia,unknown,,
Hudl,CAF / Continental Africa,Guinea-Bissau,unknown,,
Hudl,CAF / Continental Africa,Cape Verde,unknown,,
Hudl,CAF / Continental Africa,Equatorial Guinea,unknown,,
Hudl,CAF / Continental Africa,Comoros,unknown,,
Hudl,"North Africa (Morocco, Algeria, Tunisia, Egypt)",Morocco,partial,"Confirmed Hudl partnership with the Fédération Royale Marocaine de Football (FRMF, announced April 2022): Hudl Sportscode + Wyscout training/licensing for FRMF and Botola Pro performance analysts. This is federation-level tool/training access, not an official league-wide statistics-provider deal of the kind Opta or Stats Perform hold elsewhere -- recorded as partial, not full, to keep that distinction honest.",
Hudl,"North Africa (Morocco, Algeria, Tunisia, Egypt)",Algeria,unknown,Re-checked directly with French-language sources (Aug 2026): no equivalent federation or league data/analysis partnership found for the Fédération Algérienne de Football or Ligue de Football Professionnel (Algeria),plausible_gap
Hudl,"North Africa (Morocco, Algeria, Tunisia, Egypt)",Tunisia,unknown,Re-checked directly with French-language sources (Aug 2026): no equivalent federation or league data/analysis partnership found for the Tunisian Ligue Professionnelle 1,plausible_gap
Hudl,"North Africa (Morocco, Algeria, Tunisia, Egypt)",Egypt,unknown,Re-checked directly (Aug 2026): no equivalent federation or league data/analysis partnership found for the Egyptian Premier League,plausible_gap
Hudl,South America,Brazil,unknown,,
Hudl,South America,Argentina,unknown,,
Hudl,South America,Uruguay,unknown,,
Hudl,South America,Chile,unknown,,
Hudl,South America,Colombia,unknown,,
Hudl,South America,Peru,unknown,,
Hudl,South America,Ecuador,unknown,,
Hudl,South America,Paraguay,unknown,,
Hudl,South America,Bolivia,unknown,,
Hudl,South America,Venezuela,unknown,,
SkillCorner,Europe (major leagues),England,full,,
SkillCorner,Europe (major leagues),Spain,full,,
SkillCorner,Europe (major leagues),Germany,full,,
SkillCorner,Europe (major leagues),France,full,,
SkillCorner,Europe (major leagues),Italy,full,,
SkillCorner,Europe (major leagues),Netherlands,full,,
SkillCorner,Europe (major leagues),Portugal,full,,
SkillCorner,Europe (major leagues),Belgium,full,,
SkillCorner,Europe (major leagues),Turkey,full,,
SkillCorner,Europe (major leagues),Poland,full,,
SkillCorner,Europe (major leagues),Scotland,full,,
SkillCorner,Europe (major leagues),Austria,full,,
SkillCorner,Europe (major leagues),Switzerland,full,,
SkillCorner,Europe (major leagues),Denmark,full,,
SkillCorner,Europe (major leagues),Sweden,full,,
SkillCorner,Europe (major leagues),Norway,full,,
SkillCorner,Europe (major leagues),Greece,full,,
SkillCorner,Europe (major leagues),Ukraine,full,,
SkillCorner,Europe (major leagues),Russia,full,,
SkillCorner,Europe (major leagues),Czech Republic,full,,
SkillCorner,Europe (major leagues),Croatia,full,,
SkillCorner,Europe (major leagues),Serbia,full,,
SkillCorner,Europe (major leagues),Romania,full,,
SkillCorner,Europe (major leagues),Hungary,full,,
SkillCorner,Europe (major leagues),Ireland,full,,
SkillCorner,Europe (major leagues),Wales,full,,
SkillCorner,Europe (major leagues),Finland,full,,
SkillCorner,Europe (major leagues),Iceland,full,,
SkillCorner,Europe (major leagues),Slovakia,full,,
SkillCorner,Europe (major leagues),Slovenia,full,,
SkillCorner,Europe (major leagues),Bulgaria,full,,
SkillCorner,Europe (major leagues),Bosnia and Herzegovina,full,,
SkillCorner,Europe (major leagues),Cyprus,full,,
SkillCorner,Europe (major leagues),Israel,full,,
SkillCorner,Europe (major leagues),Georgia,full,,
SkillCorner,Europe (major leagues),Azerbaijan,full,,
SkillCorner,Europe (major leagues),Kazakhstan,full,,
SkillCorner,Europe (major leagues),Albania,full,,
SkillCorner,Europe (major leagues),Montenegro,full,,
SkillCorner,North America,United States,partial,,
SkillCorner,North America,Canada,partial,,
SkillCorner,North America,Mexico,partial,,
SkillCorner,Asia-Pacific,Japan,unknown,,
SkillCorner,Asia-Pacific,South Korea,unknown,,
SkillCorner,Asia-Pacific,China,unknown,,
SkillCorner,Asia-Pacific,Australia,unknown,,
SkillCorner,Asia-Pacific,India,unknown,,
SkillCorner,Asia-Pacific,Thailand,unknown,,
SkillCorner,Asia-Pacific,Vietnam,unknown,,
SkillCorner,Asia-Pacific,Indonesia,unknown,,
SkillCorner,Asia-Pacific,Malaysia,unknown,,
SkillCorner,Asia-Pacific,Philippines,unknown,,
SkillCorner,Asia-Pacific,Singapore,unknown,,
SkillCorner,Asia-Pacific,Saudi Arabia,unknown,,
SkillCorner,Asia-Pacific,Qatar,unknown,,
SkillCorner,Asia-Pacific,United Arab Emirates,unknown,,
SkillCorner,Asia-Pacific,Iran,unknown,,
SkillCorner,Asia-Pacific,Iraq,unknown,,
SkillCorner,Asia-Pacific,New Zealand,unknown,,
SkillCorner,CAF / Continental Africa,South Africa,unknown,,
SkillCorner,CAF / Continental Africa,Nigeria,unknown,,
SkillCorner,CAF / Continental Africa,Ghana,unknown,,
SkillCorner,CAF / Continental Africa,Ivory Coast,unknown,,
SkillCorner,CAF / Continental Africa,Senegal,unknown,,
SkillCorner,CAF / Continental Africa,Cameroon,unknown,,
SkillCorner,CAF / Continental Africa,Kenya,unknown,,
SkillCorner,CAF / Continental Africa,Tanzania,unknown,,
SkillCorner,CAF / Continental Africa,Zambia,unknown,,
SkillCorner,CAF / Continental Africa,Mali,unknown,,
SkillCorner,CAF / Continental Africa,Ethiopia,unknown,,
SkillCorner,CAF / Continental Africa,Uganda,unknown,,
SkillCorner,CAF / Continental Africa,Zimbabwe,unknown,,
SkillCorner,CAF / Continental Africa,Angola,unknown,,
SkillCorner,CAF / Continental Africa,Mozambique,unknown,,
SkillCorner,CAF / Continental Africa,DR Congo,unknown,,
SkillCorner,CAF / Continental Africa,Rwanda,unknown,,
SkillCorner,CAF / Continental Africa,Burkina Faso,unknown,,
SkillCorner,CAF / Continental Africa,Guinea,unknown,,
SkillCorner,CAF / Continental Africa,Benin,unknown,,
SkillCorner,CAF / Continental Africa,Togo,unknown,,
SkillCorner,CAF / Continental Africa,Sierra Leone,unknown,,
SkillCorner,CAF / Continental Africa,Liberia,unknown,,
SkillCorner,CAF / Continental Africa,Gabon,unknown,,
SkillCorner,CAF / Continental Africa,Congo,unknown,,
SkillCorner,CAF / Continental Africa,Namibia,unknown,,
SkillCorner,CAF / Continental Africa,Botswana,unknown,,
SkillCorner,CAF / Continental Africa,Malawi,unknown,,
SkillCorner,CAF / Continental Africa,Madagascar,unknown,,
SkillCorner,CAF / Continental Africa,Sudan,unknown,,
SkillCorner,CAF / Continental Africa,Libya,unknown,,
SkillCorner,CAF / Continental Africa,Mauritania,unknown,,
SkillCorner,CAF / Continental Africa,Niger,unknown,,
SkillCorner,CAF / Continental Africa,Chad,unknown,,
SkillCorner,CAF / Continental Africa,Central African Republic,unknown,,
SkillCorner,CAF / Continental Africa,Eritrea,unknown,,
SkillCorner,CAF / Continental Africa,Djibouti,unknown,,
SkillCorner,CAF / Continental Africa,Somalia,unknown,,
SkillCorner,CAF / Continental Africa,Burundi,unknown,,
SkillCorner,CAF / Continental Africa,Eswatini,unknown,,
SkillCorner,CAF / Continental Africa,Lesotho,unknown,,
SkillCorner,CAF / Continental Africa,Gambia,unknown,,
SkillCorner,CAF / Continental Africa,Guinea-Bissau,unknown,,
SkillCorner,CAF / Continental Africa,Cape Verde,unknown,,
SkillCorner,CAF / Continental Africa,Equatorial Guinea,unknown,,
SkillCorner,CAF / Continental Africa,Comoros,unknown,,
SkillCorner,"North Africa (Morocco, Algeria, Tunisia, Egypt)",Morocco,none,,
SkillCorner,"North Africa (Morocco, Algeria, Tunisia, Egypt)",Algeria,none,,
SkillCorner,"North Africa (Morocco, Algeria, Tunisia, Egypt)",Tunisia,none,,
SkillCorner,"North Africa (Morocco, Algeria, Tunisia, Egypt)",Egypt,none,,
SkillCorner,South America,Brazil,partial,,
SkillCorner,South America,Argentina,partial,,
SkillCorner,South America,Uruguay,partial,,
SkillCorner,South America,Chile,partial,,
SkillCorner,South America,Colombia,partial,,
SkillCorner,South America,Peru,partial,,
SkillCorner,South America,Ecuador,partial,,
SkillCorner,South America,Paraguay,partial,,
SkillCorner,South America,Bolivia,partial,,
SkillCorner,South America,Venezuela,partial,,
Sportradar,Europe (major leagues),England,full,,
Sportradar,Europe (major leagues),Spain,full,,
Sportradar,Europe (major leagues),Germany,full,,
Sportradar,Europe (major leagues),France,full,,
Sportradar,Europe (major leagues),Italy,full,,
Sportradar,Europe (major leagues),Netherlands,full,,
Sportradar,Europe (major leagues),Portugal,full,,
Sportradar,Europe (major leagues),Belgium,full,,
Sportradar,Europe (major leagues),Turkey,full,,
Sportradar,Europe (major leagues),Poland,full,,
Sportradar,Europe (major leagues),Scotland,full,,
Sportradar,Europe (major leagues),Austria,full,,
Sportradar,Europe (major leagues),Switzerland,full,,
Sportradar,Europe (major leagues),Denmark,full,,
Sportradar,Europe (major leagues),Sweden,full,,
Sportradar,Europe (major leagues),Norway,full,,
Sportradar,Europe (major leagues),Greece,full,,
Sportradar,Europe (major leagues),Ukraine,full,,
Sportradar,Europe (major leagues),Russia,full,,
Sportradar,Europe (major leagues),Czech Republic,full,,
Sportradar,Europe (major leagues),Croatia,full,,
Sportradar,Europe (major leagues),Serbia,full,,
Sportradar,Europe (major leagues),Romania,full,,
Sportradar,Europe (major leagues),Hungary,full,,
Sportradar,Europe (major leagues),Ireland,full,,
Sportradar,Europe (major leagues),Wales,full,,
Sportradar,Europe (major leagues),Finland,full,,
Sportradar,Europe (major leagues),Iceland,full,,
Sportradar,Europe (major leagues),Slovakia,full,,
Sportradar,Europe (major leagues),Slovenia,full,,
Sportradar,Europe (major leagues),Bulgaria,full,,
Sportradar,Europe (major leagues),Bosnia and Herzegovina,full,,
Sportradar,Europe (major leagues),Cyprus,full,,
Sportradar,Europe (major leagues),Israel,full,,
Sportradar,Europe (major leagues),Georgia,full,,
Sportradar,Europe (major leagues),Azerbaijan,full,,
Sportradar,Europe (major leagues),Kazakhstan,full,,
Sportradar,Europe (major leagues),Albania,full,,
Sportradar,Europe (major leagues),Montenegro,full,,
Sportradar,North America,United States,partial,,
Sportradar,North America,Canada,partial,,
Sportradar,North America,Mexico,partial,,
Sportradar,Asia-Pacific,Japan,partial,,
Sportradar,Asia-Pacific,South Korea,partial,,
Sportradar,Asia-Pacific,China,partial,,
Sportradar,Asia-Pacific,Australia,partial,,
Sportradar,Asia-Pacific,India,partial,,
Sportradar,Asia-Pacific,Thailand,partial,,
Sportradar,Asia-Pacific,Vietnam,partial,,
Sportradar,Asia-Pacific,Indonesia,partial,,
Sportradar,Asia-Pacific,Malaysia,partial,,
Sportradar,Asia-Pacific,Philippines,partial,,
Sportradar,Asia-Pacific,Singapore,partial,,
Sportradar,Asia-Pacific,Saudi Arabia,partial,,
Sportradar,Asia-Pacific,Qatar,partial,,
Sportradar,Asia-Pacific,United Arab Emirates,partial,,
Sportradar,Asia-Pacific,Iran,partial,,
Sportradar,Asia-Pacific,Iraq,partial,,
Sportradar,Asia-Pacific,New Zealand,partial,,
Sportradar,CAF / Continental Africa,South Africa,unknown,,
Sportradar,CAF / Continental Africa,Nigeria,unknown,,
Sportradar,CAF / Continental Africa,Ghana,unknown,,
Sportradar,CAF / Continental Africa,Ivory Coast,unknown,,
Sportradar,CAF / Continental Africa,Senegal,unknown,,
Sportradar,CAF / Continental Africa,Cameroon,unknown,,
Sportradar,CAF / Continental Africa,Kenya,unknown,,
Sportradar,CAF / Continental Africa,Tanzania,unknown,,
Sportradar,CAF / Continental Africa,Zambia,unknown,,
Sportradar,CAF / Continental Africa,Mali,unknown,,
Sportradar,CAF / Continental Africa,Ethiopia,unknown,,
Sportradar,CAF / Continental Africa,Uganda,unknown,,
Sportradar,CAF / Continental Africa,Zimbabwe,unknown,,
Sportradar,CAF / Continental Africa,Angola,unknown,,
Sportradar,CAF / Continental Africa,Mozambique,unknown,,
Sportradar,CAF / Continental Africa,DR Congo,unknown,,
Sportradar,CAF / Continental Africa,Rwanda,unknown,,
Sportradar,CAF / Continental Africa,Burkina Faso,unknown,,
Sportradar,CAF / Continental Africa,Guinea,unknown,,
Sportradar,CAF / Continental Africa,Benin,unknown,,
Sportradar,CAF / Continental Africa,Togo,unknown,,
Sportradar,CAF / Continental Africa,Sierra Leone,unknown,,
Sportradar,CAF / Continental Africa,Liberia,unknown,,
Sportradar,CAF / Continental Africa,Gabon,unknown,,
Sportradar,CAF / Continental Africa,Congo,unknown,,
Sportradar,CAF / Continental Africa,Namibia,unknown,,
Sportradar,CAF / Continental Africa,Botswana,unknown,,
Sportradar,CAF / Continental Africa,Malawi,unknown,,
Sportradar,CAF / Continental Africa,Madagascar,unknown,,
Sportradar,CAF / Continental Africa,Sudan,unknown,,
Sportradar,CAF / Continental Africa,Libya,unknown,,
Sportradar,CAF / Continental Africa,Mauritania,unknown,,
Sportradar,CAF / Continental Africa,Niger,unknown,,
Sportradar,CAF / Continental Africa,Chad,unknown,,
Sportradar,CAF / Continental Africa,Central African Republic,unknown,,
Sportradar,CAF / Continental Africa,Eritrea,unknown,,
Sportradar,CAF / Continental Africa,Djibouti,unknown,,
Sportradar,CAF / Continental Africa,Somalia,unknown,,
Sportradar,CAF / Continental Africa,Burundi,unknown,,
Sportradar,CAF / Continental Africa,Eswatini,unknown,,
Sportradar,CAF / Continental Africa,Lesotho,unknown,,
Sportradar,CAF / Continental Africa,Gambia,unknown,,
Sportradar,CAF / Continental Africa,Guinea-Bissau,unknown,,
Sportradar,CAF / Continental Africa,Cape Verde,unknown,,
Sportradar,CAF / Continental Africa,Equatorial Guinea,unknown,,
Sportradar,CAF / Continental Africa,Comoros,unknown,,
Sportradar,"North Africa (Morocco, Algeria, Tunisia, Egypt)",Morocco,none,,
Sportradar,"North Africa (Morocco, Algeria, Tunisia, Egypt)",Algeria,none,,
Sportradar,"North Africa (Morocco, Algeria, Tunisia, Egypt)",Tunisia,none,,
Sportradar,"North Africa (Morocco, Algeria, Tunisia, Egypt)",Egypt,none,,
Sportradar,South America,Brazil,unknown,,
Sportradar,South America,Argentina,unknown,,
Sportradar,South America,Uruguay,unknown,,
Sportradar,South America,Chile,unknown,,
Sportradar,South America,Colombia,unknown,,
Sportradar,South America,Peru,unknown,,
Sportradar,South America,Ecuador,unknown,,
Sportradar,South America,Paraguay,unknown,,
Sportradar,South America,Bolivia,unknown,,
Sportradar,South America,Venezuela,unknown,,
Stats Perform (Opta),Europe (major leagues),England,full,Confirmed Stats Perform named exclusive official Premier League statistics partner,
Stats Perform (Opta),Europe (major leagues),Spain,full,Confirmed LaLiga extended its exclusive official data partnership with Stats Perform through 2028,
Stats Perform (Opta),Europe (major leagues),Germany,partial,"Stats Perform maintains dedicated Bundesliga data pages and product coverage, but no single explicit 'exclusive partnership announced' press release found in this search pass -- marked partial rather than full to avoid overstating confidence",
Stats Perform (Opta),Europe (major leagues),France,full,"Ligue de Football Professionnel (Ligue 1) confirmed data partnership with STATS (now part of Stats Perform), found while cross-checking the Algeria false-lead earlier in this project",
Stats Perform (Opta),Europe (major leagues),Italy,partial,Stats Perform maintains a dedicated Opta Italian football product page but no single explicit 'exclusive partnership announced' press release found in this search pass -- marked partial rather than full to avoid overstating confidence,
Stats Perform (Opta),Europe (major leagues),Netherlands,full,Confirmed Eredivisie 3-year extension of its Stats Perform data partnership,
Stats Perform (Opta),Europe (major leagues),Portugal,full,Confirmed Opta/Stats Perform coverage of the Primeira Liga (Opta player-stats pages exist for multiple seasons),
Stats Perform (Opta),Europe (major leagues),Belgium,full,Confirmed Belgian Pro League and Stats Perform partnership expansion,
Stats Perform (Opta),Europe (major leagues),Turkey,full,Confirmed Opta/Stats Perform coverage of the Turkish Super Lig (Opta player-stats pages exist for multiple seasons),
Stats Perform (Opta),Europe (major leagues),Poland,full,Confirmed Stats Perform expanded Opta data deal with PKO BP Ekstraklasa,
Stats Perform (Opta),Europe (major leagues),Scotland,unknown,Checked directly (Aug 2026 search pass): no official data-provider partnership found,likely_undetected
Stats Perform (Opta),Europe (major leagues),Austria,unknown,Checked directly (Aug 2026 search pass): no official data-provider partnership found,likely_undetected
Stats Perform (Opta),Europe (major leagues),Switzerland,unknown,Checked directly (Aug 2026 search pass): no official data-provider partnership found,likely_undetected
Stats Perform (Opta),Europe (major leagues),Denmark,full,Confirmed Danish 3F Superliga extended its collaboration with Stats Perform for in-depth Opta data,
Stats Perform (Opta),Europe (major leagues),Sweden,unknown,Checked directly (Aug 2026 search pass): no official data-provider partnership found,likely_undetected
Stats Perform (Opta),Europe (major leagues),Norway,full,,
Stats Perform (Opta),Europe (major leagues),Greece,unknown,Checked directly (Aug 2026 search pass): no official data-provider partnership found,likely_undetected
Stats Perform (Opta),Europe (major leagues),Ukraine,unknown,Checked directly (Aug 2026 search pass): no official data-provider partnership found,likely_undetected
Stats Perform (Opta),Europe (major leagues),Russia,unknown,Checked directly (Aug 2026 search pass): no official data-provider partnership found,likely_undetected
Stats Perform (Opta),Europe (major leagues),Czech Republic,full,"Confirmed Stats Perform/Opta partnership with the Czech league, cited by Stats Perform as helping double online fan engagement and grow TV audiences",
Stats Perform (Opta),Europe (major leagues),Croatia,unknown,Checked directly (Aug 2026 search pass): no official data-provider partnership found,likely_undetected
Stats Perform (Opta),Europe (major leagues),Serbia,unknown,Checked directly (Aug 2026 search pass): no official data-provider partnership found,likely_undetected
Stats Perform (Opta),Europe (major leagues),Romania,full,,
Stats Perform (Opta),Europe (major leagues),Hungary,full,,
Stats Perform (Opta),Europe (major leagues),Ireland,unknown,Checked directly (Aug 2026 search pass): no official data-provider partnership found,likely_undetected
Stats Perform (Opta),Europe (major leagues),Wales,unknown,Checked directly (Aug 2026 search pass): no official data-provider partnership found,likely_undetected
Stats Perform (Opta),Europe (major leagues),Finland,full,,
Stats Perform (Opta),Europe (major leagues),Iceland,full,,
Stats Perform (Opta),Europe (major leagues),Slovakia,full,,
Stats Perform (Opta),Europe (major leagues),Slovenia,full,,
Stats Perform (Opta),Europe (major leagues),Bulgaria,full,,
Stats Perform (Opta),Europe (major leagues),Bosnia and Herzegovina,full,,
Stats Perform (Opta),Europe (major leagues),Cyprus,full,,
Stats Perform (Opta),Europe (major leagues),Israel,unknown,Checked directly (Aug 2026 search pass): no official data-provider partnership found,likely_undetected
Stats Perform (Opta),Europe (major leagues),Georgia,full,,
Stats Perform (Opta),Europe (major leagues),Azerbaijan,full,,
Stats Perform (Opta),Europe (major leagues),Kazakhstan,full,,
Stats Perform (Opta),Europe (major leagues),Albania,full,,
Stats Perform (Opta),Europe (major leagues),Montenegro,full,,
Stats Perform (Opta),North America,United States,full,Confirmed Major League Soccer and U.S. Soccer selected Stats Perform as exclusive global data partner,
Stats Perform (Opta),North America,Canada,partial,,
Stats Perform (Opta),North America,Mexico,full,Confirmed Opta/Stats Perform coverage of Liga MX (Opta player-stats pages exist for multiple seasons),
Stats Perform (Opta),Asia-Pacific,Japan,partial,Stats Perform maintains a dedicated Japan product page (statsperform.com/japan) but J.League also runs its own separate data platform; no explicit exclusive-partnership press release found -- marked partial rather than full,
Stats Perform (Opta),Asia-Pacific,South Korea,unknown,Checked directly (Aug 2026 search pass): no official data-provider partnership found,likely_undetected
Stats Perform (Opta),Asia-Pacific,China,full,Confirmed Chinese Super League and Stats Perform extended data partnership,
Stats Perform (Opta),Asia-Pacific,Australia,full,"Confirmed A-Leagues extended its partnership with Stats Perform, adding Opta Stream and Opta Search",
Stats Perform (Opta),Asia-Pacific,India,unknown,Checked directly (Aug 2026 search pass): no official data-provider partnership found,likely_undetected
Stats Perform (Opta),Asia-Pacific,Thailand,full,Confirmed Football Association of Thailand selected Stats Perform for an exclusive long-term official data and integrity deal,
Stats Perform (Opta),Asia-Pacific,Vietnam,unknown,Checked directly (Aug 2026 search pass): no official data-provider partnership found,plausible_gap
Stats Perform (Opta),Asia-Pacific,Indonesia,unknown,Checked directly (Aug 2026 search pass): no official data-provider partnership found,plausible_gap
Stats Perform (Opta),Asia-Pacific,Malaysia,unknown,Checked directly (Aug 2026 search pass): no official data-provider partnership found,plausible_gap
Stats Perform (Opta),Asia-Pacific,Philippines,unknown,Checked directly (Aug 2026 search pass): no official data-provider partnership found,plausible_gap
Stats Perform (Opta),Asia-Pacific,Singapore,unknown,Checked directly (Aug 2026 search pass): no official data-provider partnership found,plausible_gap
Stats Perform (Opta),Asia-Pacific,Saudi Arabia,full,Confirmed expanded Stats Perform/OptaAI partnership with Saudi Pro League and clubs (Dec 2024),
Stats Perform (Opta),Asia-Pacific,Qatar,full,"Confirmed Stats Perform partnership with Qatar Stars League, extended for a 9th consecutive season",
Stats Perform (Opta),Asia-Pacific,United Arab Emirates,unknown,Checked directly (Aug 2026 search pass): no official data-provider partnership found for the UAE Pro League,likely_undetected
Stats Perform (Opta),Asia-Pacific,Iran,unknown,Checked directly (Aug 2026 search pass): no official data-provider partnership found,plausible_gap
Stats Perform (Opta),Asia-Pacific,Iraq,partial,,
Stats Perform (Opta),Asia-Pacific,New Zealand,partial,,
Stats Perform (Opta),CAF / Continental Africa,South Africa,unknown,,
Stats Perform (Opta),CAF / Continental Africa,Nigeria,unknown,Checked directly (Aug 2026 search pass): no official data-provider partnership found for the Nigeria Professional Football League,plausible_gap
Stats Perform (Opta),CAF / Continental Africa,Ghana,unknown,Checked directly (Aug 2026 search pass): no official data-provider partnership found for the Ghana Premier League,plausible_gap
Stats Perform (Opta),CAF / Continental Africa,Ivory Coast,unknown,Checked directly (Aug 2026 search pass): no official data-provider partnership found,plausible_gap
Stats Perform (Opta),CAF / Continental Africa,Senegal,unknown,Checked directly (Aug 2026 search pass): no official data-provider partnership found,plausible_gap
Stats Perform (Opta),CAF / Continental Africa,Cameroon,unknown,Checked directly (Aug 2026 search pass): no official data-provider partnership found,plausible_gap
Stats Perform (Opta),CAF / Continental Africa,Kenya,unknown,Checked directly (Aug 2026 search pass): no official data-provider partnership found,plausible_gap
Stats Perform (Opta),CAF / Continental Africa,Tanzania,unknown,Checked directly (Aug 2026 search pass): no official data-provider partnership found,plausible_gap
Stats Perform (Opta),CAF / Continental Africa,Zambia,unknown,Checked directly (Aug 2026 search pass): no official data-provider partnership found,plausible_gap
Stats Perform (Opta),CAF / Continental Africa,Mali,unknown,Checked directly (Aug 2026 search pass): no official data-provider partnership found,plausible_gap
Stats Perform (Opta),CAF / Continental Africa,Ethiopia,unknown,Checked directly (Aug 2026 search pass): no official data-provider partnership found,plausible_gap
Stats Perform (Opta),CAF / Continental Africa,Uganda,unknown,Checked directly (Aug 2026 search pass): no official data-provider partnership found,plausible_gap
Stats Perform (Opta),CAF / Continental Africa,Zimbabwe,unknown,Checked directly (Aug 2026 search pass): no official data-provider partnership found,plausible_gap
Stats Perform (Opta),CAF / Continental Africa,Angola,unknown,Checked directly (Aug 2026 search pass): no official data-provider partnership found,plausible_gap
Stats Perform (Opta),CAF / Continental Africa,Mozambique,unknown,Checked directly (Aug 2026 search pass): no official data-provider partnership found,plausible_gap
Stats Perform (Opta),CAF / Continental Africa,DR Congo,unknown,Checked directly (Aug 2026 search pass): no official data-provider partnership found,plausible_gap
Stats Perform (Opta),CAF / Continental Africa,Rwanda,unknown,Checked directly (Aug 2026 search pass): no official data-provider partnership found,plausible_gap
Stats Perform (Opta),CAF / Continental Africa,Burkina Faso,unknown,,
Stats Perform (Opta),CAF / Continental Africa,Guinea,unknown,,
Stats Perform (Opta),CAF / Continental Africa,Benin,unknown,,
Stats Perform (Opta),CAF / Continental Africa,Togo,unknown,,
Stats Perform (Opta),CAF / Continental Africa,Sierra Leone,unknown,,
Stats Perform (Opta),CAF / Continental Africa,Liberia,unknown,,
Stats Perform (Opta),CAF / Continental Africa,Gabon,unknown,,
Stats Perform (Opta),CAF / Continental Africa,Congo,unknown,,
Stats Perform (Opta),CAF / Continental Africa,Namibia,unknown,,
Stats Perform (Opta),CAF / Continental Africa,Botswana,unknown,,
Stats Perform (Opta),CAF / Continental Africa,Malawi,unknown,,
Stats Perform (Opta),CAF / Continental Africa,Madagascar,unknown,,
Stats Perform (Opta),CAF / Continental Africa,Sudan,unknown,,
Stats Perform (Opta),CAF / Continental Africa,Libya,unknown,,
Stats Perform (Opta),CAF / Continental Africa,Mauritania,unknown,,
Stats Perform (Opta),CAF / Continental Africa,Niger,unknown,,
Stats Perform (Opta),CAF / Continental Africa,Chad,unknown,,
Stats Perform (Opta),CAF / Continental Africa,Central African Republic,unknown,,
Stats Perform (Opta),CAF / Continental Africa,Eritrea,unknown,,
Stats Perform (Opta),CAF / Continental Africa,Djibouti,unknown,,
Stats Perform (Opta),CAF / Continental Africa,Somalia,unknown,,
Stats Perform (Opta),CAF / Continental Africa,Burundi,unknown,,
Stats Perform (Opta),CAF / Continental Africa,Eswatini,unknown,,
Stats Perform (Opta),CAF / Continental Africa,Lesotho,unknown,,
Stats Perform (Opta),CAF / Continental Africa,Gambia,unknown,,
Stats Perform (Opta),CAF / Continental Africa,Guinea-Bissau,unknown,,
Stats Perform (Opta),CAF / Continental Africa,Cape Verde,unknown,,
Stats Perform (Opta),CAF / Continental Africa,Equatorial Guinea,unknown,,
Stats Perform (Opta),CAF / Continental Africa,Comoros,unknown,,
Stats Perform (Opta),"North Africa (Morocco, Algeria, Tunisia, Egypt)",Morocco,none,,
Stats Perform (Opta),"North Africa (Morocco, Algeria, Tunisia, Egypt)",Algeria,none,,
Stats Perform (Opta),"North Africa (Morocco, Algeria, Tunisia, Egypt)",Tunisia,none,,
Stats Perform (Opta),"North Africa (Morocco, Algeria, Tunisia, Egypt)",Egypt,none,,
Stats Perform (Opta),South America,Brazil,full,Confirmed Stats Perform named exclusive betting-streaming-rights and betting-data provider of the Brasileirao Serie A & Serie B,
Stats Perform (Opta),South America,Argentina,full,Also confirmed Opta/Stats Perform coverage of Liga Profesional Argentina,
Stats Perform (Opta),South America,Uruguay,unknown,Checked directly (Aug 2026 search pass): no country-specific partnership found beyond the general CONMEBOL-level Stats Perform coverage already recorded at region level,plausible_gap
Stats Perform (Opta),South America,Chile,unknown,Checked directly (Aug 2026 search pass): no official data-provider partnership found,likely_undetected
Stats Perform (Opta),South America,Colombia,full,Confirmed DIMAYOR (Colombian football authority) named Stats Perform as official data partner,
Stats Perform (Opta),South America,Peru,unknown,Checked directly (Aug 2026 search pass): no country-specific partnership found beyond the general CONMEBOL-level Stats Perform coverage already recorded at region level,plausible_gap
Stats Perform (Opta),South America,Ecuador,unknown,Checked directly (Aug 2026 search pass): no country-specific partnership found beyond the general CONMEBOL-level Stats Perform coverage already recorded at region level,plausible_gap
Stats Perform (Opta),South America,Paraguay,unknown,Checked directly (Aug 2026 search pass): no country-specific partnership found beyond the general CONMEBOL-level Stats Perform coverage already recorded at region level,plausible_gap
Stats Perform (Opta),South America,Bolivia,unknown,Checked directly (Aug 2026 search pass): no country-specific partnership found beyond the general CONMEBOL-level Stats Perform coverage already recorded at region level,plausible_gap
Stats Perform (Opta),South America,Venezuela,unknown,Checked directly (Aug 2026 search pass): no country-specific partnership found beyond the general CONMEBOL-level Stats Perform coverage already recorded at region level,plausible_gap
StatsBomb,Europe (major leagues),England,unknown,,
StatsBomb,Europe (major leagues),Spain,unknown,,
StatsBomb,Europe (major leagues),Germany,unknown,,
StatsBomb,Europe (major leagues),France,unknown,,
StatsBomb,Europe (major leagues),Italy,unknown,,
StatsBomb,Europe (major leagues),Netherlands,unknown,,
StatsBomb,Europe (major leagues),Portugal,unknown,,
StatsBomb,Europe (major leagues),Belgium,unknown,,
StatsBomb,Europe (major leagues),Turkey,unknown,,
StatsBomb,Europe (major leagues),Poland,unknown,,
StatsBomb,Europe (major leagues),Scotland,unknown,,
StatsBomb,Europe (major leagues),Austria,unknown,,
StatsBomb,Europe (major leagues),Switzerland,unknown,,
StatsBomb,Europe (major leagues),Denmark,unknown,,
StatsBomb,Europe (major leagues),Sweden,unknown,,
StatsBomb,Europe (major leagues),Norway,unknown,,
StatsBomb,Europe (major leagues),Greece,unknown,,
StatsBomb,Europe (major leagues),Ukraine,unknown,,
StatsBomb,Europe (major leagues),Russia,unknown,,
StatsBomb,Europe (major leagues),Czech Republic,unknown,,
StatsBomb,Europe (major leagues),Croatia,unknown,,
StatsBomb,Europe (major leagues),Serbia,unknown,,
StatsBomb,Europe (major leagues),Romania,unknown,,
StatsBomb,Europe (major leagues),Hungary,unknown,,
StatsBomb,Europe (major leagues),Ireland,unknown,,
StatsBomb,Europe (major leagues),Wales,unknown,,
StatsBomb,Europe (major leagues),Finland,unknown,,
StatsBomb,Europe (major leagues),Iceland,unknown,,
StatsBomb,Europe (major leagues),Slovakia,unknown,,
StatsBomb,Europe (major leagues),Slovenia,unknown,,
StatsBomb,Europe (major leagues),Bulgaria,unknown,,
StatsBomb,Europe (major leagues),Bosnia and Herzegovina,unknown,,
StatsBomb,Europe (major leagues),Cyprus,unknown,,
StatsBomb,Europe (major leagues),Israel,unknown,,
StatsBomb,Europe (major leagues),Georgia,unknown,,
StatsBomb,Europe (major leagues),Azerbaijan,unknown,,
StatsBomb,Europe (major leagues),Kazakhstan,unknown,,
StatsBomb,Europe (major leagues),Albania,unknown,,
StatsBomb,Europe (major leagues),Montenegro,unknown,,
StatsBomb,North America,United States,unknown,,
StatsBomb,North America,Canada,unknown,,
StatsBomb,North America,Mexico,unknown,,
StatsBomb,Asia-Pacific,Japan,unknown,,
StatsBomb,Asia-Pacific,South Korea,unknown,,
StatsBomb,Asia-Pacific,China,unknown,,
StatsBomb,Asia-Pacific,Australia,unknown,,
StatsBomb,Asia-Pacific,India,unknown,,
StatsBomb,Asia-Pacific,Thailand,unknown,,
StatsBomb,Asia-Pacific,Vietnam,unknown,,
StatsBomb,Asia-Pacific,Indonesia,unknown,,
StatsBomb,Asia-Pacific,Malaysia,unknown,,
StatsBomb,Asia-Pacific,Philippines,unknown,,
StatsBomb,Asia-Pacific,Singapore,unknown,,
StatsBomb,Asia-Pacific,Saudi Arabia,unknown,,
StatsBomb,Asia-Pacific,Qatar,unknown,,
StatsBomb,Asia-Pacific,United Arab Emirates,unknown,,
StatsBomb,Asia-Pacific,Iran,unknown,,
StatsBomb,Asia-Pacific,Iraq,unknown,,
StatsBomb,Asia-Pacific,New Zealand,unknown,,
StatsBomb,CAF / Continental Africa,South Africa,unknown,,
StatsBomb,CAF / Continental Africa,Nigeria,unknown,,
StatsBomb,CAF / Continental Africa,Ghana,unknown,,
StatsBomb,CAF / Continental Africa,Ivory Coast,unknown,,
StatsBomb,CAF / Continental Africa,Senegal,unknown,,
StatsBomb,CAF / Continental Africa,Cameroon,unknown,,
StatsBomb,CAF / Continental Africa,Kenya,unknown,,
StatsBomb,CAF / Continental Africa,Tanzania,unknown,,
StatsBomb,CAF / Continental Africa,Zambia,unknown,,
StatsBomb,CAF / Continental Africa,Mali,unknown,,
StatsBomb,CAF / Continental Africa,Ethiopia,unknown,,
StatsBomb,CAF / Continental Africa,Uganda,unknown,,
StatsBomb,CAF / Continental Africa,Zimbabwe,unknown,,
StatsBomb,CAF / Continental Africa,Angola,unknown,,
StatsBomb,CAF / Continental Africa,Mozambique,unknown,,
StatsBomb,CAF / Continental Africa,DR Congo,unknown,,
StatsBomb,CAF / Continental Africa,Rwanda,unknown,,
StatsBomb,CAF / Continental Africa,Burkina Faso,unknown,,
StatsBomb,CAF / Continental Africa,Guinea,unknown,,
StatsBomb,CAF / Continental Africa,Benin,unknown,,
StatsBomb,CAF / Continental Africa,Togo,unknown,,
StatsBomb,CAF / Continental Africa,Sierra Leone,unknown,,
StatsBomb,CAF / Continental Africa,Liberia,unknown,,
StatsBomb,CAF / Continental Africa,Gabon,unknown,,
StatsBomb,CAF / Continental Africa,Congo,unknown,,
StatsBomb,CAF / Continental Africa,Namibia,unknown,,
StatsBomb,CAF / Continental Africa,Botswana,unknown,,
StatsBomb,CAF / Continental Africa,Malawi,unknown,,
StatsBomb,CAF / Continental Africa,Madagascar,unknown,,
StatsBomb,CAF / Continental Africa,Sudan,unknown,,
StatsBomb,CAF / Continental Africa,Libya,unknown,,
StatsBomb,CAF / Continental Africa,Mauritania,unknown,,
StatsBomb,CAF / Continental Africa,Niger,unknown,,
StatsBomb,CAF / Continental Africa,Chad,unknown,,
StatsBomb,CAF / Continental Africa,Central African Republic,unknown,,
StatsBomb,CAF / Continental Africa,Eritrea,unknown,,
StatsBomb,CAF / Continental Africa,Djibouti,unknown,,
StatsBomb,CAF / Continental Africa,Somalia,unknown,,
StatsBomb,CAF / Continental Africa,Burundi,unknown,,
StatsBomb,CAF / Continental Africa,Eswatini,unknown,,
StatsBomb,CAF / Continental Africa,Lesotho,unknown,,
StatsBomb,CAF / Continental Africa,Gambia,unknown,,
StatsBomb,CAF / Continental Africa,Guinea-Bissau,unknown,,
StatsBomb,CAF / Continental Africa,Cape Verde,unknown,,
StatsBomb,CAF / Continental Africa,Equatorial Guinea,unknown,,
StatsBomb,CAF / Continental Africa,Comoros,unknown,,
StatsBomb,"North Africa (Morocco, Algeria, Tunisia, Egypt)",Morocco,unknown,,
StatsBomb,"North Africa (Morocco, Algeria, Tunisia, Egypt)",Algeria,unknown,,
StatsBomb,"North Africa (Morocco, Algeria, Tunisia, Egypt)",Tunisia,unknown,,
StatsBomb,"North Africa (Morocco, Algeria, Tunisia, Egypt)",Egypt,unknown,,
StatsBomb,South America,Brazil,unknown,,
StatsBomb,South America,Argentina,unknown,,
StatsBomb,South America,Uruguay,unknown,,
StatsBomb,South America,Chile,unknown,,
StatsBomb,South America,Colombia,unknown,,
StatsBomb,South America,Peru,unknown,,
StatsBomb,South America,Ecuador,unknown,,
StatsBomb,South America,Paraguay,unknown,,
StatsBomb,South America,Bolivia,unknown,,
StatsBomb,South America,Venezuela,unknown,,
Transfermarkt,Europe (major leagues),England,full,,
Transfermarkt,Europe (major leagues),Spain,full,,
Transfermarkt,Europe (major leagues),Germany,full,,
Transfermarkt,Europe (major leagues),France,full,,
Transfermarkt,Europe (major leagues),Italy,full,,
Transfermarkt,Europe (major leagues),Netherlands,full,,
Transfermarkt,Europe (major leagues),Portugal,full,,
Transfermarkt,Europe (major leagues),Belgium,full,,
Transfermarkt,Europe (major leagues),Turkey,full,,
Transfermarkt,Europe (major leagues),Poland,full,,
Transfermarkt,Europe (major leagues),Scotland,full,,
Transfermarkt,Europe (major leagues),Austria,full,,
Transfermarkt,Europe (major leagues),Switzerland,full,,
Transfermarkt,Europe (major leagues),Denmark,full,,
Transfermarkt,Europe (major leagues),Sweden,full,,
Transfermarkt,Europe (major leagues),Norway,full,,
Transfermarkt,Europe (major leagues),Greece,full,,
Transfermarkt,Europe (major leagues),Ukraine,full,,
Transfermarkt,Europe (major leagues),Russia,full,,
Transfermarkt,Europe (major leagues),Czech Republic,full,,
Transfermarkt,Europe (major leagues),Croatia,full,,
Transfermarkt,Europe (major leagues),Serbia,full,,
Transfermarkt,Europe (major leagues),Romania,full,,
Transfermarkt,Europe (major leagues),Hungary,full,,
Transfermarkt,Europe (major leagues),Ireland,full,,
Transfermarkt,Europe (major leagues),Wales,full,,
Transfermarkt,Europe (major leagues),Finland,full,,
Transfermarkt,Europe (major leagues),Iceland,full,,
Transfermarkt,Europe (major leagues),Slovakia,full,,
Transfermarkt,Europe (major leagues),Slovenia,full,,
Transfermarkt,Europe (major leagues),Bulgaria,full,,
Transfermarkt,Europe (major leagues),Bosnia and Herzegovina,full,,
Transfermarkt,Europe (major leagues),Cyprus,full,,
Transfermarkt,Europe (major leagues),Israel,full,,
Transfermarkt,Europe (major leagues),Georgia,full,,
Transfermarkt,Europe (major leagues),Azerbaijan,full,,
Transfermarkt,Europe (major leagues),Kazakhstan,full,,
Transfermarkt,Europe (major leagues),Albania,full,,
Transfermarkt,Europe (major leagues),Montenegro,full,,
Transfermarkt,North America,United States,full,,
Transfermarkt,North America,Canada,full,,
Transfermarkt,North America,Mexico,full,,
Transfermarkt,Asia-Pacific,Japan,full,,
Transfermarkt,Asia-Pacific,South Korea,full,,
Transfermarkt,Asia-Pacific,China,full,,
Transfermarkt,Asia-Pacific,Australia,full,,
Transfermarkt,Asia-Pacific,India,full,,
Transfermarkt,Asia-Pacific,Thailand,full,,
Transfermarkt,Asia-Pacific,Vietnam,full,,
Transfermarkt,Asia-Pacific,Indonesia,full,,
Transfermarkt,Asia-Pacific,Malaysia,full,,
Transfermarkt,Asia-Pacific,Philippines,full,,
Transfermarkt,Asia-Pacific,Singapore,full,,
Transfermarkt,Asia-Pacific,Saudi Arabia,full,,
Transfermarkt,Asia-Pacific,Qatar,full,,
Transfermarkt,Asia-Pacific,United Arab Emirates,full,,
Transfermarkt,Asia-Pacific,Iran,full,,
Transfermarkt,Asia-Pacific,Iraq,full,,
Transfermarkt,Asia-Pacific,New Zealand,full,,
Transfermarkt,CAF / Continental Africa,South Africa,partial,,
Transfermarkt,CAF / Continental Africa,Nigeria,partial,,
Transfermarkt,CAF / Continental Africa,Ghana,partial,,
Transfermarkt,CAF / Continental Africa,Ivory Coast,partial,,
Transfermarkt,CAF / Continental Africa,Senegal,partial,,
Transfermarkt,CAF / Continental Africa,Cameroon,partial,,
Transfermarkt,CAF / Continental Africa,Kenya,partial,,
Transfermarkt,CAF / Continental Africa,Tanzania,partial,,
Transfermarkt,CAF / Continental Africa,Zambia,partial,,
Transfermarkt,CAF / Continental Africa,Mali,partial,,
Transfermarkt,CAF / Continental Africa,Ethiopia,partial,,
Transfermarkt,CAF / Continental Africa,Uganda,partial,,
Transfermarkt,CAF / Continental Africa,Zimbabwe,partial,,
Transfermarkt,CAF / Continental Africa,Angola,partial,,
Transfermarkt,CAF / Continental Africa,Mozambique,partial,,
Transfermarkt,CAF / Continental Africa,DR Congo,partial,,
Transfermarkt,CAF / Continental Africa,Rwanda,partial,,
Transfermarkt,CAF / Continental Africa,Burkina Faso,partial,,
Transfermarkt,CAF / Continental Africa,Guinea,partial,,
Transfermarkt,CAF / Continental Africa,Benin,partial,,
Transfermarkt,CAF / Continental Africa,Togo,partial,,
Transfermarkt,CAF / Continental Africa,Sierra Leone,partial,,
Transfermarkt,CAF / Continental Africa,Liberia,partial,,
Transfermarkt,CAF / Continental Africa,Gabon,partial,,
Transfermarkt,CAF / Continental Africa,Congo,partial,,
Transfermarkt,CAF / Continental Africa,Namibia,partial,,
Transfermarkt,CAF / Continental Africa,Botswana,partial,,
Transfermarkt,CAF / Continental Africa,Malawi,partial,,
Transfermarkt,CAF / Continental Africa,Madagascar,partial,,
Transfermarkt,CAF / Continental Africa,Sudan,partial,,
Transfermarkt,CAF / Continental Africa,Libya,partial,,
Transfermarkt,CAF / Continental Africa,Mauritania,partial,,
Transfermarkt,CAF / Continental Africa,Niger,partial,,
Transfermarkt,CAF / Continental Africa,Chad,partial,,
Transfermarkt,CAF / Continental Africa,Central African Republic,partial,,
Transfermarkt,CAF / Continental Africa,Eritrea,partial,,
Transfermarkt,CAF / Continental Africa,Djibouti,partial,,
Transfermarkt,CAF / Continental Africa,Somalia,partial,,
Transfermarkt,CAF / Continental Africa,Burundi,partial,,
Transfermarkt,CAF / Continental Africa,Eswatini,partial,,
Transfermarkt,CAF / Continental Africa,Lesotho,partial,,
Transfermarkt,CAF / Continental Africa,Gambia,partial,,
Transfermarkt,CAF / Continental Africa,Guinea-Bissau,partial,,
Transfermarkt,CAF / Continental Africa,Cape Verde,partial,,
Transfermarkt,CAF / Continental Africa,Equatorial Guinea,partial,,
Transfermarkt,CAF / Continental Africa,Comoros,partial,,
Transfermarkt,"North Africa (Morocco, Algeria, Tunisia, Egypt)",Morocco,partial,,
Transfermarkt,"North Africa (Morocco, Algeria, Tunisia, Egypt)",Algeria,partial,,
Transfermarkt,"North Africa (Morocco, Algeria, Tunisia, Egypt)",Tunisia,partial,,
Transfermarkt,"North Africa (Morocco, Algeria, Tunisia, Egypt)",Egypt,partial,,
Transfermarkt,South America,Brazil,full,,
Transfermarkt,South America,Argentina,full,,
Transfermarkt,South America,Uruguay,full,,
Transfermarkt,South America,Chile,full,,
Transfermarkt,South America,Colombia,full,,
Transfermarkt,South America,Peru,full,,
Transfermarkt,South America,Ecuador,full,,
Transfermarkt,South America,Paraguay,full,,
Transfermarkt,South America,Bolivia,full,,
Transfermarkt,South America,Venezuela,full,,
Wyscout,Europe (major leagues),England,unknown,,
Wyscout,Europe (major leagues),Spain,unknown,,
Wyscout,Europe (major leagues),Germany,unknown,,
Wyscout,Europe (major leagues),France,unknown,,
Wyscout,Europe (major leagues),Italy,unknown,,
Wyscout,Europe (major leagues),Netherlands,unknown,,
Wyscout,Europe (major leagues),Portugal,unknown,,
Wyscout,Europe (major leagues),Belgium,unknown,,
Wyscout,Europe (major leagues),Turkey,unknown,,
Wyscout,Europe (major leagues),Poland,unknown,,
Wyscout,Europe (major leagues),Scotland,unknown,,
Wyscout,Europe (major leagues),Austria,unknown,,
Wyscout,Europe (major leagues),Switzerland,unknown,,
Wyscout,Europe (major leagues),Denmark,unknown,,
Wyscout,Europe (major leagues),Sweden,unknown,,
Wyscout,Europe (major leagues),Norway,unknown,,
Wyscout,Europe (major leagues),Greece,unknown,,
Wyscout,Europe (major leagues),Ukraine,unknown,,
Wyscout,Europe (major leagues),Russia,unknown,,
Wyscout,Europe (major leagues),Czech Republic,unknown,,
Wyscout,Europe (major leagues),Croatia,unknown,,
Wyscout,Europe (major leagues),Serbia,unknown,,
Wyscout,Europe (major leagues),Romania,unknown,,
Wyscout,Europe (major leagues),Hungary,unknown,,
Wyscout,Europe (major leagues),Ireland,unknown,,
Wyscout,Europe (major leagues),Wales,unknown,,
Wyscout,Europe (major leagues),Finland,unknown,,
Wyscout,Europe (major leagues),Iceland,unknown,,
Wyscout,Europe (major leagues),Slovakia,unknown,,
Wyscout,Europe (major leagues),Slovenia,unknown,,
Wyscout,Europe (major leagues),Bulgaria,unknown,,
Wyscout,Europe (major leagues),Bosnia and Herzegovina,unknown,,
Wyscout,Europe (major leagues),Cyprus,unknown,,
Wyscout,Europe (major leagues),Israel,unknown,,
Wyscout,Europe (major leagues),Georgia,unknown,,
Wyscout,Europe (major leagues),Azerbaijan,unknown,,
Wyscout,Europe (major leagues),Kazakhstan,unknown,,
Wyscout,Europe (major leagues),Albania,unknown,,
Wyscout,Europe (major leagues),Montenegro,unknown,,
Wyscout,North America,United States,unknown,,
Wyscout,North America,Canada,unknown,,
Wyscout,North America,Mexico,unknown,,
Wyscout,Asia-Pacific,Japan,unknown,,
Wyscout,Asia-Pacific,South Korea,unknown,,
Wyscout,Asia-Pacific,China,unknown,,
Wyscout,Asia-Pacific,Australia,unknown,,
Wyscout,Asia-Pacific,India,unknown,,
Wyscout,Asia-Pacific,Thailand,unknown,,
Wyscout,Asia-Pacific,Vietnam,unknown,,
Wyscout,Asia-Pacific,Indonesia,unknown,,
Wyscout,Asia-Pacific,Malaysia,unknown,,
Wyscout,Asia-Pacific,Philippines,unknown,,
Wyscout,Asia-Pacific,Singapore,unknown,,
Wyscout,Asia-Pacific,Saudi Arabia,unknown,,
Wyscout,Asia-Pacific,Qatar,unknown,,
Wyscout,Asia-Pacific,United Arab Emirates,unknown,,
Wyscout,Asia-Pacific,Iran,unknown,,
Wyscout,Asia-Pacific,Iraq,unknown,,
Wyscout,Asia-Pacific,New Zealand,unknown,,
Wyscout,CAF / Continental Africa,South Africa,unknown,,
Wyscout,CAF / Continental Africa,Nigeria,unknown,,
Wyscout,CAF / Continental Africa,Ghana,unknown,,
Wyscout,CAF / Continental Africa,Ivory Coast,unknown,,
Wyscout,CAF / Continental Africa,Senegal,unknown,,
Wyscout,CAF / Continental Africa,Cameroon,unknown,,
Wyscout,CAF / Continental Africa,Kenya,unknown,,
Wyscout,CAF / Continental Africa,Tanzania,unknown,,
Wyscout,CAF / Continental Africa,Zambia,unknown,,
Wyscout,CAF / Continental Africa,Mali,unknown,,
Wyscout,CAF / Continental Africa,Ethiopia,unknown,,
Wyscout,CAF / Continental Africa,Uganda,unknown,,
Wyscout,CAF / Continental Africa,Zimbabwe,unknown,,
Wyscout,CAF / Continental Africa,Angola,unknown,,
Wyscout,CAF / Continental Africa,Mozambique,unknown,,
Wyscout,CAF / Continental Africa,DR Congo,unknown,,
Wyscout,CAF / Continental Africa,Rwanda,unknown,,
Wyscout,CAF / Continental Africa,Burkina Faso,unknown,,
Wyscout,CAF / Continental Africa,Guinea,unknown,,
Wyscout,CAF / Continental Africa,Benin,unknown,,
Wyscout,CAF / Continental Africa,Togo,unknown,,
Wyscout,CAF / Continental Africa,Sierra Leone,unknown,,
Wyscout,CAF / Continental Africa,Liberia,unknown,,
Wyscout,CAF / Continental Africa,Gabon,unknown,,
Wyscout,CAF / Continental Africa,Congo,unknown,,
Wyscout,CAF / Continental Africa,Namibia,unknown,,
Wyscout,CAF / Continental Africa,Botswana,unknown,,
Wyscout,CAF / Continental Africa,Malawi,unknown,,
Wyscout,CAF / Continental Africa,Madagascar,unknown,,
Wyscout,CAF / Continental Africa,Sudan,unknown,,
Wyscout,CAF / Continental Africa,Libya,unknown,,
Wyscout,CAF / Continental Africa,Mauritania,unknown,,
Wyscout,CAF / Continental Africa,Niger,unknown,,
Wyscout,CAF / Continental Africa,Chad,unknown,,
Wyscout,CAF / Continental Africa,Central African Republic,unknown,,
Wyscout,CAF / Continental Africa,Eritrea,unknown,,
Wyscout,CAF / Continental Africa,Djibouti,unknown,,
Wyscout,CAF / Continental Africa,Somalia,unknown,,
Wyscout,CAF / Continental Africa,Burundi,unknown,,
Wyscout,CAF / Continental Africa,Eswatini,unknown,,
Wyscout,CAF / Continental Africa,Lesotho,unknown,,
Wyscout,CAF / Continental Africa,Gambia,unknown,,
Wyscout,CAF / Continental Africa,Guinea-Bissau,unknown,,
Wyscout,CAF / Continental Africa,Cape Verde,unknown,,
Wyscout,CAF / Continental Africa,Equatorial Guinea,unknown,,
Wyscout,CAF / Continental Africa,Comoros,unknown,,
Wyscout,"North Africa (Morocco, Algeria, Tunisia, Egypt)",Morocco,unknown,,
Wyscout,"North Africa (Morocco, Algeria, Tunisia, Egypt)",Algeria,unknown,,
Wyscout,"North Africa (Morocco, Algeria, Tunisia, Egypt)",Tunisia,unknown,,
Wyscout,"North Africa (Morocco, Algeria, Tunisia, Egypt)",Egypt,unknown,,
Wyscout,South America,Brazil,unknown,,
Wyscout,South America,Argentina,unknown,,
Wyscout,South America,Uruguay,unknown,,
Wyscout,South America,Chile,unknown,,
Wyscout,South America,Colombia,unknown,,
Wyscout,South America,Peru,unknown,,
Wyscout,South America,Ecuador,unknown,,
Wyscout,South America,Paraguay,unknown,,
Wyscout,South America,Bolivia,unknown,,
Wyscout,South America,Venezuela,unknown,,
Catapult,"North Africa (Morocco, Algeria, Tunisia, Egypt)",Western Sahara,none,,
Genius Sports,"North Africa (Morocco, Algeria, Tunisia, Egypt)",Western Sahara,none,,
Hudl,"North Africa (Morocco, Algeria, Tunisia, Egypt)",Western Sahara,partial,"Confirmed Hudl partnership with the Fédération Royale Marocaine de Football (FRMF, announced April 2022): Hudl Sportscode + Wyscout training/licensing for FRMF and Botola Pro performance analysts. This is federation-level tool/training access, not an official league-wide statistics-provider deal of the kind Opta or Stats Perform hold elsewhere -- recorded as partial, not full, to keep that distinction honest.",
SkillCorner,"North Africa (Morocco, Algeria, Tunisia, Egypt)",Western Sahara,none,,
Sportradar,"North Africa (Morocco, Algeria, Tunisia, Egypt)",Western Sahara,none,,
Stats Perform (Opta),"North Africa (Morocco, Algeria, Tunisia, Egypt)",Western Sahara,none,,
StatsBomb,"North Africa (Morocco, Algeria, Tunisia, Egypt)",Western Sahara,unknown,,
Transfermarkt,"North Africa (Morocco, Algeria, Tunisia, Egypt)",Western Sahara,partial,,
Wyscout,"North Africa (Morocco, Algeria, Tunisia, Egypt)",Western Sahara,unknown,,
