company_name,ownership_type,hq_country,founded_year,primary_model,segment_name,est_share_pct,basis_note
Genius Sports,public,UK,2001,Official live betting-data distribution; sub-second odds feeds to sportsbooks; NYSE: GENI,Betting Data & Rights,50.0,Based on exclusivity of Football DataCo rights (Premier League/EFL/Scottish league) through 2029
Sportradar,public,Switzerland,2001,Betting-data distribution and sports integrity services; competing rights holder to Genius Sports,Betting Data & Rights,40.0,Estimated from Sportradar's comparable scale as the other major rights holder in reported industry coverage
Stats Perform (Opta),private,USA/UK,1996,Official statistical/event data provider; AI-driven data products; licenses to media & betting,Betting Data & Rights,10.0,"Stats Perform holds FIFA World Cup 2026 betting-data rights specifically, smaller share of ongoing league rights"
Stats Perform (Opta),private,USA/UK,1996,Official statistical/event data provider; AI-driven data products; licenses to media & betting,Statistical / Event Data,55.0,Estimated from breadth of official league/federation data partnerships (incl. FIFA WC26 rights) vs. named competitors
Hudl,private,USA,2006,Video analysis + scouting workflow platform; consolidated StatsBomb and Wyscout under one roof,Statistical / Event Data,30.0,Estimated from StatsBomb's position as the leading alternative event-data provider post-Hudl acquisition
SkillCorner,private,France,2018,Broadcast-camera-based tracking data; no wearables required; open-data releases,Tracking / Positional Data,45.0,Estimated from SkillCorner's positioning as leading broadcast-camera tracking specialist in industry coverage
Catapult,public,Australia,2006,GPS/wearable tracking; live training-ground data and automated reporting (OpenField),Tracking / Positional Data,35.0,Estimated from Catapult's leading position in GPS/wearable training-ground tracking
Transfermarkt,private,Germany,2000,"Crowd-estimated market values, transfer and squad data; free-access alternative",Transfer / Market-Value Data,85.0,Estimated from Transfermarkt's widely reported position as the default free market-value reference used by media/agents
Hudl,private,USA,2006,Video analysis + scouting workflow platform; consolidated StatsBomb and Wyscout under one roof,Video & Scouting Workflow,65.0,Estimated from Hudl's post-Wyscout/Sportscode position as the reported standard professional-club video stack
